"DESCRIPTION","DURATION IN MS","NAME","PARENT SUITE","START TIME","STATUS","STOP TIME","SUB SUITE","SUITE","TEST CLASS","TEST METHOD"
"","7540","TC006:Login with invalid Username and invalid password","firefoxProject","2026-10-05","passed","2026-10-05","","Demoblaze.spec.js","",""
"","38652","TC004:Login with invalid Password","ChromeProject","2026-10-05","passed","2026-10-05","","Demoblaze.spec.js","",""
"","15101","TC007:Login and select any product and add to cart","firefoxProject","2026-10-05","passed","2026-10-05","","Demoblaze.spec.js","",""
"","22881","TC007:Login and select product and add to cart","ChromeProject","2026-10-05","passed","2026-10-05","","Demoblaze.spec.js","",""
"","26409","TC007:Login and select any product and add to cart","ChromeProject","2026-10-05","passed","2026-10-05","","Demoblaze.spec.js","",""
"","28106","TC008:Login and select product from Phone category and complete purchase","ChromeProject","2026-10-05","passed","2026-10-05","","Demoblaze.spec.js","",""
"","9111","TC005:Login with invalid Username","firefoxProject","2026-10-05","passed","2026-10-05","","Demoblaze.spec.js","",""
"","18810","TC10:Login with valid credentials and logout","ChromeProject","2026-10-05","passed","2026-10-05","","Demoblaze.spec.js","",""
"","8537","TC005:Login with invalid Username","ChromeProject","2026-10-05","passed","2026-10-05","","Demoblaze.spec.js","",""
"","15627","TC009:Login and select product from Monitor category and complete purchase","firefoxProject","2026-10-05","passed","2026-10-05","","Demoblaze.spec.js","",""
"","16794","TC006:Login with invalid Username and invalid password","ChromeProject","2026-10-05","passed","2026-10-05","","Demoblaze.spec.js","",""
"","9255","TC10:Login with valid credentials and logout","firefoxProject","2026-10-05","passed","2026-10-05","","Demoblaze.spec.js","",""
"","39522","TC003:Login with valid credentials","ChromeProject","2026-10-05","passed","2026-10-05","","Demoblaze.spec.js","",""
"","27147","TC009:Login and select product from Monitor category and complete purchase","ChromeProject","2026-10-05","passed","2026-10-05","","Demoblaze.spec.js","",""
"","30922","TC001:Fill and Signup","ChromeProject","2026-10-05","passed","2026-10-05","","Demoblaze.spec.js","",""
"","17632","TC008:Login and select product from Phone category and complete purchase","firefoxProject","2026-10-05","passed","2026-10-05","","Demoblaze.spec.js","",""
"","19012","TC004:Login with invalid Password","firefoxProject","2026-10-05","passed","2026-10-05","","Demoblaze.spec.js","",""
"","45314","TC002:Fill and close","ChromeProject","2026-10-05","passed","2026-10-05","","Demoblaze.spec.js","",""
